<hark_xml version="1.3">
    <positions type="microphone" frame="1" coordinate="cartesian">
        <position x="1.000" y="0.000" z="0.000" id="0"/>
        <position x="0.985" y="0.174" z="0.000" id="1"/>
        <position x="0.940" y="0.342" z="0.000" id="2"/>
        <position x="0.866" y="0.500" z="0.000" id="3"/>
        <position x="0.866" y="0.500" z="0.000" id="4"/>
        <position x="0.866" y="0.500" z="0.000" id="5"/>
        <position x="0.866" y="0.500" z="0.000" id="6"/>
        <position x="0.866" y="0.500" z="0.000" id="7"/>
    </positions>
</hark_xml>
